{
    "Alert": {
        "precision": 0.6842562765250294,
        "recall": 0.8567770023689096,
        "f1-score": 0.7608596770525358,
        "support": 15619.0
    },
    "Drowsy": {
        "precision": 0.7914715306877003,
        "recall": 0.6138405658573887,
        "f1-score": 0.6914298018949182,
        "support": 15693.0
    },
    "Low Vigilance": {
        "precision": 0.6738709892602228,
        "recall": 0.6556759914324658,
        "f1-score": 0.6646489900651359,
        "support": 15407.0
    },
    "accuracy": 0.708855069671868,
    "macro avg": {
        "precision": 0.7165329321576509,
        "recall": 0.7087645198862548,
        "f1-score": 0.7056461563375299,
        "support": 46719.0
    },
    "weighted avg": {
        "precision": 0.7168452202671027,
        "recall": 0.708855069671868,
        "f1-score": 0.705809674157282,
        "support": 46719.0
    }
}