{
    "accuracy": {
        "mean": 0.7149500000000001,
        "std": 0.004912992977808932,
        "min": 0.7075,
        "max": 0.72075,
        "cv_percent": 0.6871799395494693
    },
    "precision_weighted": {
        "mean": 0.7243360377415273,
        "std": 0.005473514122259296,
        "min": 0.7163777872938805,
        "max": 0.7309103248694216,
        "cv_percent": 0.755659505679941
    },
    "recall_weighted": {
        "mean": 0.7149500000000001,
        "std": 0.004912992977808932,
        "min": 0.7075,
        "max": 0.72075,
        "cv_percent": 0.6871799395494693
    },
    "f1_weighted": {
        "mean": 0.7119255920905448,
        "std": 0.005188824390487766,
        "min": 0.7042108093392544,
        "max": 0.7178926800759022,
        "cv_percent": 0.7288436387363127
    },
    "f1_macro": {
        "mean": 0.7117717256109356,
        "std": 0.005177182537823041,
        "min": 0.7040717269938169,
        "max": 0.7177672667653573,
        "cv_percent": 0.7273655796567792
    },
    "roc_auc_weighted": {
        "mean": 0.8835604230030952,
        "std": 0.0029865405891848803,
        "min": 0.8811402909855874,
        "max": 0.8884995991755045,
        "cv_percent": 0.3380120375960318
    }
}