{
    "1": {
        "Alert": {
            "precision": 0.984339043722833,
            "recall": 0.9859145912030219,
            "f1-score": 0.9851261875059975,
            "support": 15619.0
        },
        "Drowsy": {
            "precision": 0.9796864089379801,
            "recall": 0.9834321034856305,
            "f1-score": 0.9815556827577434,
            "support": 15693.0
        },
        "Low Vigilance": {
            "precision": 0.9818561545490145,
            "recall": 0.9764392808463686,
            "f1-score": 0.9791402258452927,
            "support": 15407.0
        },
        "accuracy": 0.9819559493996018,
        "macro avg": {
            "precision": 0.9819605357366092,
            "recall": 0.9819286585116737,
            "f1-score": 0.9819406987030113,
            "support": 46719.0
        },
        "weighted avg": {
            "precision": 0.9819574073183783,
            "recall": 0.9819559493996018,
            "f1-score": 0.9819527967587464,
            "support": 46719.0
        }
    },
    "2": {
        "Alert": {
            "precision": 0.9919125258799172,
            "recall": 0.9815609193930469,
            "f1-score": 0.9867095736122284,
            "support": 15619.0
        },
        "Drowsy": {
            "precision": 0.9833694405505289,
            "recall": 0.9834321034856305,
            "f1-score": 0.983400771019849,
            "support": 15693.0
        },
        "Low Vigilance": {
            "precision": 0.9763617677286742,
            "recall": 0.9866285862650915,
            "f1-score": 0.9814683282753277,
            "support": 15406.0
        },
        "accuracy": 0.9838606104713387,
        "macro avg": {
            "precision": 0.9838812447197068,
            "recall": 0.9838738697145897,
            "f1-score": 0.9838595576358018,
            "support": 46718.0
        },
        "weighted avg": {
            "precision": 0.9839147173660224,
            "recall": 0.9838606104713387,
            "f1-score": 0.9838697331922082,
            "support": 46718.0
        }
    },
    "3": {
        "Alert": {
            "precision": 0.9810215259202649,
            "recall": 0.986234714130226,
            "f1-score": 0.9836212126049615,
            "support": 15619.0
        },
        "Drowsy": {
            "precision": 0.9801797208590912,
            "recall": 0.9800548015038553,
            "f1-score": 0.9801172572011216,
            "support": 15693.0
        },
        "Low Vigilance": {
            "precision": 0.9807504078303426,
            "recall": 0.9755939244450215,
            "f1-score": 0.9781653704728125,
            "support": 15406.0
        },
        "accuracy": 0.9806498565863264,
        "macro avg": {
            "precision": 0.9806505515365661,
            "recall": 0.980627813359701,
            "f1-score": 0.9806346134262985,
            "support": 46718.0
        },
        "weighted avg": {
            "precision": 0.9806493504821396,
            "recall": 0.9806498565863264,
            "f1-score": 0.9806450518951635,
            "support": 46718.0
        }
    },
    "4": {
        "Alert": {
            "precision": 0.9828378205946153,
            "recall": 0.9862987387156669,
            "f1-score": 0.9845652382321926,
            "support": 15619.0
        },
        "Drowsy": {
            "precision": 0.9825108114983465,
            "recall": 0.9844516663480533,
            "f1-score": 0.9834802813763249,
            "support": 15693.0
        },
        "Low Vigilance": {
            "precision": 0.9804830287206266,
            "recall": 0.9750097364663118,
            "f1-score": 0.9777387229056825,
            "support": 15406.0
        },
        "accuracy": 0.9819555631662314,
        "macro avg": {
            "precision": 0.9819438869378628,
            "recall": 0.9819200471766774,
            "f1-score": 0.9819280808380667,
            "support": 46718.0
        },
        "weighted avg": {
            "precision": 0.9819514453782444,
            "recall": 0.9819555631662314,
            "f1-score": 0.9819496398962334,
            "support": 46718.0
        }
    },
    "5": {
        "Alert": {
            "precision": 0.9799759204106203,
            "recall": 0.9902036112178256,
            "f1-score": 0.9850632185738399,
            "support": 15618.0
        },
        "Drowsy": {
            "precision": 0.9856490121629449,
            "recall": 0.9759765500541643,
            "f1-score": 0.9807889344262295,
            "support": 15693.0
        },
        "Low Vigilance": {
            "precision": 0.9803870632549682,
            "recall": 0.9798143700915168,
            "f1-score": 0.9801006330141211,
            "support": 15407.0
        },
        "accuracy": 0.9819983732180316,
        "macro avg": {
            "precision": 0.9820039986095112,
            "recall": 0.9819981771211689,
            "f1-score": 0.9819842620047302,
            "support": 46718.0
        },
        "weighted avg": {
            "precision": 0.982017153054828,
            "recall": 0.9819983732180316,
            "f1-score": 0.9819908503892636,
            "support": 46718.0
        }
    }
}