{
    "accuracy": {
        "mean": 0.982084070568306,
        "std": 0.001146007961935162,
        "min": 0.9806498565863264,
        "max": 0.9838606104713387,
        "cv_percent": 0.11669143164820886
    },
    "f1_weighted": {
        "mean": 0.9820816144263229,
        "std": 0.0011514480020106937,
        "min": 0.9806450518951635,
        "max": 0.9838697331922082,
        "cv_percent": 0.11724565301869591
    },
    "f1_macro": {
        "mean": 0.9820694425215818,
        "std": 0.001151852906371696,
        "min": 0.9806346134262985,
        "max": 0.9838595576358018,
        "cv_percent": 0.11728833588530918
    },
    "precision_weighted": {
        "mean": 0.9820980147199225,
        "std": 0.0011669220411351718,
        "min": 0.9806493504821396,
        "max": 0.9839147173660224,
        "cv_percent": 0.11881930557287176
    },
    "recall_weighted": {
        "mean": 0.982084070568306,
        "std": 0.001146007961935162,
        "min": 0.9806498565863264,
        "max": 0.9838606104713387,
        "cv_percent": 0.11669143164820886
    },
    "roc_auc_weighted": {
        "mean": 0.999267105369168,
        "std": 8.831925386798346e-05,
        "min": 0.9991574310839555,
        "max": 0.9994045128571672,
        "cv_percent": 0.008838403004905772
    }
}